{
    "name": "root",
    "gauges": {
        "Racecar.Policy.Entropy.mean": {
            "value": 0.8132910132408142,
            "min": 0.771765410900116,
            "max": 2.1966445446014404,
            "count": 106
        },
        "Racecar.Policy.ExtrinsicValueEstimate.mean": {
            "value": -0.1207769587635994,
            "min": -0.48779821395874023,
            "max": 0.06032642349600792,
            "count": 106
        },
        "Racecar.Policy.CuriosityValueEstimate.mean": {
            "value": 0.291479229927063,
            "min": -0.09316239506006241,
            "max": 0.291479229927063,
            "count": 106
        },
        "Racecar.Losses.ValueLoss.mean": {
            "value": 0.02842762880027294,
            "min": 0.0028659456875175238,
            "max": 0.06532065570354462,
            "count": 106
        },
        "Racecar.Losses.PolicyLoss.mean": {
            "value": 0.13836698234081268,
            "min": 0.12130532413721085,
            "max": 0.14700406789779663,
            "count": 106
        },
        "Racecar.Policy.LearningRate.mean": {
            "value": 0.00029999998514540493,
            "min": 0.00029999998514540493,
            "max": 0.0003000000142492354,
            "count": 106
        },
        "Racecar.Policy.Epsilon.mean": {
            "value": 0.20000003278255463,
            "min": 0.20000003278255463,
            "max": 0.20000004768371582,
            "count": 106
        },
        "Racecar.Policy.Beta.mean": {
            "value": 0.004999999422580004,
            "min": 0.004999999422580004,
            "max": 0.004999999888241291,
            "count": 106
        },
        "Racecar.Losses.CuriosityForwardLoss.mean": {
            "value": 0.08529498428106308,
            "min": 0.002513664774596691,
            "max": 0.14451515674591064,
            "count": 106
        },
        "Racecar.Losses.CuriosityInverseLoss.mean": {
            "value": 0.5657256245613098,
            "min": 0.5175428986549377,
            "max": 2.19901442527771,
            "count": 106
        },
        "Racecar.IsTraining.mean": {
            "value": 1.0,
            "min": 1.0,
            "max": 1.0,
            "count": 106
        },
        "Racecar.Environment.EpisodeLength.mean": {
            "value": 383.36,
            "min": 331.58620689655174,
            "max": 4001.4,
            "count": 105
        },
        "Racecar.Environment.CumulativeReward.mean": {
            "value": 0.10465832566842437,
            "min": -92.48097845818847,
            "max": 3.303009013645351,
            "count": 105
        },
        "Racecar.Policy.ExtrinsicReward.mean": {
            "value": 0.10465832566842437,
            "min": -92.48097845818847,
            "max": 3.303009013645351,
            "count": 105
        },
        "Racecar.Policy.CuriosityReward.mean": {
            "value": 0.819972290173173,
            "min": 0.018418216262088047,
            "max": 5.725911361544773,
            "count": 105
        }
    },
    "metadata": {
        "timer_format_version": "0.1.0",
        "start_time_seconds": "1609251424",
        "python_version": "3.7.9 (default, Aug 31 2020, 17:10:11) [MSC v.1916 64 bit (AMD64)]",
        "command_line_arguments": "C:\\Users\\Pieter\\anaconda3\\envs\\ml-agents\\Scripts\\mlagents-learn Racecar.yml --run-id racecar09",
        "mlagents_version": "0.19.0",
        "mlagents_envs_version": "0.19.0",
        "communication_protocol_version": "1.0.0",
        "tensorflow_version": "2.3.1",
        "numpy_version": "1.18.5",
        "end_time_seconds": "1609257917"
    },
    "total": 6492.806618400001,
    "count": 1,
    "self": 0.02475250000043161,
    "children": {
        "run_training.setup": {
            "total": 0.008898000000000295,
            "count": 1,
            "self": 0.008898000000000295
        },
        "TrainerController.start_learning": {
            "total": 6492.7729679,
            "count": 1,
            "self": 30.57957449992955,
            "children": {
                "TrainerController._reset_env": {
                    "total": 8.788510800000001,
                    "count": 1,
                    "self": 8.788510800000001
                },
                "TrainerController.advance": {
                    "total": 6452.77018800007,
                    "count": 1066855,
                    "self": 15.95880400043643,
                    "children": {
                        "env_step": {
                            "total": 6436.811383999634,
                            "count": 1066855,
                            "self": 5606.469374599854,
                            "children": {
                                "SubprocessEnvManager._take_step": {
                                    "total": 814.7668221000063,
                                    "count": 1066855,
                                    "self": 28.05193750009721,
                                    "children": {
                                        "TFPolicy.evaluate": {
                                            "total": 786.714884599909,
                                            "count": 1065298,
                                            "self": 786.714884599909
                                        }
                                    }
                                },
                                "workers": {
                                    "total": 15.575187299773638,
                                    "count": 1066854,
                                    "self": 0.0,
                                    "children": {
                                        "worker_root": {
                                            "total": 6455.090064900354,
                                            "count": 1066854,
                                            "is_parallel": true,
                                            "self": 1951.7878191999534,
                                            "children": {
                                                "steps_from_proto": {
                                                    "total": 0.00038949999999982055,
                                                    "count": 1,
                                                    "is_parallel": true,
                                                    "self": 0.0001718000000003883,
                                                    "children": {
                                                        "_process_vector_observation": {
                                                            "total": 0.00021769999999943224,
                                                            "count": 4,
                                                            "is_parallel": true,
                                                            "self": 0.00021769999999943224
                                                        }
                                                    }
                                                },
                                                "UnityEnvironment.step": {
                                                    "total": 4503.301856200401,
                                                    "count": 1066854,
                                                    "is_parallel": true,
                                                    "self": 98.12858020056865,
                                                    "children": {
                                                        "UnityEnvironment._generate_step_input": {
                                                            "total": 58.858549599724086,
                                                            "count": 1066854,
                                                            "is_parallel": true,
                                                            "self": 58.858549599724086
                                                        },