{
    "name": "root",
    "gauges": {
        "Racecar.Policy.Entropy.mean": {
            "value": 0.6793010234832764,
            "min": 0.6793010234832764,
            "max": 2.1967074871063232,
            "count": 23
        },
        "Racecar.Policy.ExtrinsicValueEstimate.mean": {
            "value": -1.1777085065841675,
            "min": -1.3758068084716797,
            "max": 0.16095006465911865,
            "count": 23
        },
        "Racecar.Policy.CuriosityValueEstimate.mean": {
            "value": -0.18553994596004486,
            "min": -0.22619189321994781,
            "max": -0.06174260750412941,
            "count": 23
        },
        "Racecar.Environment.EpisodeLength.mean": {
            "value": 184.6851851851852,
            "min": 175.83928571428572,
            "max": 9453.0,
            "count": 23
        },
        "Racecar.Environment.CumulativeReward.mean": {
            "value": -2.1446217495637634,
            "min": -582.1960258483887,
            "max": -2.1446217495637634,
            "count": 23
        },
        "Racecar.Policy.ExtrinsicReward.mean": {
            "value": -2.1446217495637634,
            "min": -582.1960258483887,
            "max": -2.1446217495637634,
            "count": 23
        },
        "Racecar.Policy.CuriosityReward.mean": {
            "value": 0.024915740028990076,
            "min": 0.0,
            "max": 0.15559102391125634,
            "count": 23
        },
        "Racecar.Losses.ValueLoss.mean": {
            "value": 0.009792353957891464,
            "min": 0.0027166137006133795,
            "max": 0.2713943123817444,
            "count": 23
        },
        "Racecar.Losses.PolicyLoss.mean": {
            "value": 0.13471324741840363,
            "min": 0.13050773739814758,
            "max": 0.14752736687660217,
            "count": 23
        },
        "Racecar.Policy.LearningRate.mean": {
            "value": 0.0003000000142492354,
            "min": 0.00029999998514540493,
            "max": 0.0003000000142492354,
            "count": 23
        },
        "Racecar.Policy.Epsilon.mean": {
            "value": 0.20000004768371582,
            "min": 0.20000003278255463,
            "max": 0.20000004768371582,
            "count": 23
        },
        "Racecar.Policy.Beta.mean": {
            "value": 0.004999999422580004,
            "min": 0.004999999422580004,
            "max": 0.004999999422580004,
            "count": 23
        },
        "Racecar.Losses.CuriosityForwardLoss.mean": {
            "value": 0.006624935660511255,
            "min": 0.002405040431767702,
            "max": 0.02630341239273548,
            "count": 23
        },
        "Racecar.Losses.CuriosityInverseLoss.mean": {
            "value": 0.7039750218391418,
            "min": 0.7039750218391418,
            "max": 2.1991794109344482,
            "count": 23
        },
        "Racecar.IsTraining.mean": {
            "value": 1.0,
            "min": 1.0,
            "max": 1.0,
            "count": 23
        }
    },
    "metadata": {
        "timer_format_version": "0.1.0",
        "start_time_seconds": "1609174421",
        "python_version": "3.7.9 (default, Aug 31 2020, 17:10:11) [MSC v.1916 64 bit (AMD64)]",
        "command_line_arguments": "C:\\Users\\Pieter\\anaconda3\\envs\\ml-agents\\Scripts\\mlagents-learn Racecar.yml --run-id race21",
        "mlagents_version": "0.19.0",
        "mlagents_envs_version": "0.19.0",
        "communication_protocol_version": "1.0.0",
        "tensorflow_version": "2.3.1",
        "numpy_version": "1.18.5",
        "end_time_seconds": "1609176310"
    },
    "total": 1888.7113479,
    "count": 1,
    "self": 0.006625200000144105,
    "children": {
        "run_training.setup": {
            "total": 0.008496099999999895,
            "count": 1,
            "self": 0.008496099999999895
        },
        "TrainerController.start_learning": {
            "total": 1888.6962265999998,
            "count": 1,
            "self": 7.143259499995793,
            "children": {
                "TrainerController._reset_env": {
                    "total": 9.746510500000001,
                    "count": 1,
                    "self": 9.746510500000001
                },
                "TrainerController.advance": {
                    "total": 1871.204838700004,
                    "count": 236583,
                    "self": 3.7359954000487505,
                    "children": {
                        "env_step": {
                            "total": 1867.4688432999553,
                            "count": 236583,
                            "self": 1677.6825683999464,
                            "children": {
                                "SubprocessEnvManager._take_step": {
                                    "total": 186.19811570001497,
                                    "count": 236583,
                                    "self": 6.360006100020655,
                                    "children": {
                                        "TFPolicy.evaluate": {
                                            "total": 179.8381095999943,
                                            "count": 236583,
                                            "self": 179.8381095999943
                                        }
                                    }
                                },
                                "workers": {
                                    "total": 3.5881591999939424,
                                    "count": 236582,
                                    "self": 0.0,
                                    "children": {
                                        "worker_root": {
                                            "total": 1873.079441299996,
                                            "count": 236582,
                                            "is_parallel": true,
                                            "self": 442.3033062999591,
                                            "children": {
                                                "steps_from_proto": {
                                                    "total": 0.00043540000000064083,
                                                    "count": 1,
                                                    "is_parallel": true,
                                                    "self": 0.00018830000000136238,
                                                    "children": {
                                                        "_process_vector_observation": {
                                                            "total": 0.00024709999999927845,
                                                            "count": 4,
                                                            "is_parallel": true,
                                                            "self": 0.00024709999999927845
                                                        }
                                                    }
                                                },
                                                "UnityEnvironment.step": {
                                                    "total": 1430.775699600037,
                                                    "count": 236582,
                                                    "is_parallel": true,
                                                    "self": 22.95944749996852,
                                                    "children": {
                                                        "UnityEnvironment._generate_step_input": {
                                                            "total": 13.980190200062443,
                                                            "count": 236582,
                                                            "is_parallel": true,
                                                            "self": 13.980190200062443
                                                        },