{
    "name": "root",
    "gauges": {
        "Racecar.Policy.Entropy.mean": {
            "value": 2.1106834411621094,
            "min": 2.1074070930480957,
            "max": 2.1966233253479004,
            "count": 7
        },
        "Racecar.Policy.ExtrinsicValueEstimate.mean": {
            "value": -0.246712327003479,
            "min": -0.27148908376693726,
            "max": 0.0857282504439354,
            "count": 7
        },
        "Racecar.Policy.CuriosityValueEstimate.mean": {
            "value": 0.05871829390525818,
            "min": 0.05871829390525818,
            "max": 0.10997224599123001,
            "count": 7
        },
        "Racecar.Environment.EpisodeLength.mean": {
            "value": 583.2222222222222,
            "min": 385.2692307692308,
            "max": 9533.0,
            "count": 7
        },
        "Racecar.Environment.CumulativeReward.mean": {
            "value": -3.0424322937097816,
            "min": -214.99659057706594,
            "max": -2.463243718653058,
            "count": 7
        },
        "Racecar.Policy.ExtrinsicReward.mean": {
            "value": -3.0424322937097816,
            "min": -214.99659057706594,
            "max": -2.463243718653058,
            "count": 7
        },
        "Racecar.Policy.CuriosityReward.mean": {
            "value": 0.019579154494244397,
            "min": 0.0,
            "max": 0.28997634412371553,
            "count": 7
        },
        "Racecar.Losses.ValueLoss.mean": {
            "value": 0.012456785887479782,
            "min": 0.008126253262162209,
            "max": 0.0513853058218956,
            "count": 7
        },
        "Racecar.Losses.PolicyLoss.mean": {
            "value": 0.1349647492170334,
            "min": 0.1349647492170334,
            "max": 0.14346091449260712,
            "count": 7
        },
        "Racecar.Policy.LearningRate.mean": {
            "value": 0.0003000000142492354,
            "min": 0.00029999998514540493,
            "max": 0.0003000000142492354,
            "count": 7
        },
        "Racecar.Policy.Epsilon.mean": {
            "value": 0.20000004768371582,
            "min": 0.20000003278255463,
            "max": 0.20000004768371582,
            "count": 7
        },
        "Racecar.Policy.Beta.mean": {
            "value": 0.004999999422580004,
            "min": 0.004999999422580004,
            "max": 0.004999999422580004,
            "count": 7
        },
        "Racecar.Losses.CuriosityForwardLoss.mean": {
            "value": 0.002874061232432723,
            "min": 0.0017888398142531514,
            "max": 0.025009501725435257,
            "count": 7
        },
        "Racecar.Losses.CuriosityInverseLoss.mean": {
            "value": 2.1107518672943115,
            "min": 2.098968982696533,
            "max": 2.199347734451294,
            "count": 7
        },
        "Racecar.IsTraining.mean": {
            "value": 1.0,
            "min": 1.0,
            "max": 1.0,
            "count": 7
        }
    },
    "metadata": {
        "timer_format_version": "0.1.0",
        "start_time_seconds": "1609181067",
        "python_version": "3.7.9 (default, Aug 31 2020, 17:10:11) [MSC v.1916 64 bit (AMD64)]",
        "command_line_arguments": "C:\\Users\\Pieter\\anaconda3\\envs\\ml-agents\\Scripts\\mlagents-learn Racecar.yml --run-id race25",
        "mlagents_version": "0.19.0",
        "mlagents_envs_version": "0.19.0",
        "communication_protocol_version": "1.0.0",
        "tensorflow_version": "2.3.1",
        "numpy_version": "1.18.5",
        "end_time_seconds": "1609181669"
    },
    "total": 602.0689946,
    "count": 1,
    "self": 0.005625899999927242,
    "children": {
        "run_training.setup": {
            "total": 0.011306499999999886,
            "count": 1,
            "self": 0.011306499999999886
        },
        "TrainerController.start_learning": {
            "total": 602.0520622,
            "count": 1,
            "self": 2.5992145999922514,
            "children": {
                "TrainerController._reset_env": {
                    "total": 9.5988436,
                    "count": 1,
                    "self": 9.5988436
                },
                "TrainerController.advance": {
                    "total": 589.3384912000078,
                    "count": 78574,
                    "self": 1.3476521000142156,
                    "children": {
                        "env_step": {
                            "total": 587.9908390999935,
                            "count": 78574,
                            "self": 519.9052522999808,
                            "children": {
                                "SubprocessEnvManager._take_step": {
                                    "total": 66.81124770001091,
                                    "count": 78574,
                                    "self": 2.347760500004199,
                                    "children": {
                                        "TFPolicy.evaluate": {
                                            "total": 64.46348720000671,
                                            "count": 78574,
                                            "self": 64.46348720000671
                                        }
                                    }
                                },
                                "workers": {
                                    "total": 1.2743391000018125,
                                    "count": 78573,
                                    "self": 0.0,
                                    "children": {
                                        "worker_root": {
                                            "total": 591.4272786999974,
                                            "count": 78573,
                                            "is_parallel": true,
                                            "self": 159.47517730000146,
                                            "children": {
                                                "steps_from_proto": {
                                                    "total": 0.0004588999999999288,
                                                    "count": 1,
                                                    "is_parallel": true,
                                                    "self": 0.0002006000000003283,
                                                    "children": {
                                                        "_process_vector_observation": {
                                                            "total": 0.0002582999999996005,
                                                            "count": 4,
                                                            "is_parallel": true,
                                                            "self": 0.0002582999999996005
                                                        }
                                                    }
                                                },
                                                "UnityEnvironment.step": {
                                                    "total": 431.9516424999959,
                                                    "count": 78573,
                                                    "is_parallel": true,
                                                    "self": 8.163175099992486,
                                                    "children": {
                                                        "UnityEnvironment._generate_step_input": {
                                                            "total": 4.933845599998257,
                                                            "count": 78573,
                                                            "is_parallel": true,
                                                            "self": 4.933845599998257
                                                        },