{
    "name": "root",
    "metadata": {
        "timer_format_version": "0.1.0",
        "start_time_seconds": "1610016098",
        "python_version": "3.7.9 (default, Aug 31 2020, 17:10:11) [MSC v.1916 64 bit (AMD64)]",
        "command_line_arguments": "C:\\Users\\Pieter\\anaconda3\\envs\\ml-agents\\Scripts\\mlagents-learn Racecar.yml --run-id racer24",
        "mlagents_version": "0.19.0",
        "mlagents_envs_version": "0.19.0",
        "communication_protocol_version": "1.0.0",
        "tensorflow_version": "2.3.1",
        "numpy_version": "1.18.5",
        "end_time_seconds": "1610016152"
    },
    "total": 54.7997462,
    "count": 1,
    "self": 0.007972600000009322,
    "children": {
        "run_training.setup": {
            "total": 0.00932569999999977,
            "count": 1,
            "self": 0.00932569999999977
        },
        "TrainerController.start_learning": {
            "total": 54.782447899999994,
            "count": 1,
            "self": 0.1617686999998469,
            "children": {
                "TrainerController._reset_env": {
                    "total": 19.1875579,
                    "count": 1,
                    "self": 19.1875579
                },
                "TrainerController.advance": {
                    "total": 34.78329780000015,
                    "count": 5447,
                    "self": 0.0771639000000448,
                    "children": {
                        "env_step": {
                            "total": 34.706133900000104,
                            "count": 5447,
                            "self": 30.601616200000045,
                            "children": {
                                "SubprocessEnvManager._take_step": {
                                    "total": 4.031043699999881,
                                    "count": 5447,
                                    "self": 0.13439519999973015,
                                    "children": {
                                        "TFPolicy.evaluate": {
                                            "total": 3.8966485000001505,
                                            "count": 5447,
                                            "self": 3.8966485000001505
                                        }
                                    }
                                },
                                "workers": {
                                    "total": 0.07347400000017856,
                                    "count": 5446,
                                    "self": 0.0,
                                    "children": {
                                        "worker_root": {
                                            "total": 36.53691559999983,
                                            "count": 5446,
                                            "is_parallel": true,
                                            "self": 10.703918999999903,
                                            "children": {
                                                "steps_from_proto": {
                                                    "total": 0.00034000000000133923,
                                                    "count": 1,
                                                    "is_parallel": true,
                                                    "self": 0.00014630000000082077,
                                                    "children": {
                                                        "_process_vector_observation": {
                                                            "total": 0.00019370000000051846,
                                                            "count": 4,
                                                            "is_parallel": true,
                                                            "self": 0.00019370000000051846
                                                        }
                                                    }
                                                },
                                                "UnityEnvironment.step": {
                                                    "total": 25.832656599999925,
                                                    "count": 5446,
                                                    "is_parallel": true,
                                                    "self": 0.4772136999995169,
                                                    "children": {
                                                        "UnityEnvironment._generate_step_input": {
                                                            "total": 0.2920891000001582,
                                                            "count": 5446,
                                                            "is_parallel": true,
                                                            "self": 0.2920891000001582
                                                        },
                                                        "communicator.exchange": {
                                                            "total": 23.244502300000097,
                                                            "count": 5446,
                                                            "is_parallel": true,
                                                            "self": 23.244502300000097
                                                        },
                                                        "steps_from_proto": {
                                                            "total": 1.8188515000001537,
                                                            "count": 5446,
                                                            "is_parallel": true,
                                                            "self": 0.9160455000003154,
                                                            "children": {
                                                                "_process_vector_observation": {
                                                                    "total": 0.9028059999998383,
                                                                    "count": 21784,
                                                                    "is_parallel": true,
                                                                    "self": 0.9028059999998383
                                                                }
                                                            }
                                                        }
                                                    }
                                                }
                                            }
                                        }
                                    }
                                }
                            }
                        }
                    }
                },
                "trainer_threads": {
                    "total": 2.0800000001486296e-05,
                    "count": 1,
                    "self": 2.0800000001486296e-05,
                    "children": {
                        "thread_root": {
                            "total": 0.0,
                            "count": 0,
                            "is_parallel": true,
                            "self": 0.0,
                            "children": {
                                "trainer_advance": {
                                    "total": 34.89689000000016,
                                    "count": 2307,
                                    "is_parallel": true,
                                    "self": 0.10947300000029969,
                                    "children": {
                                        "process_trajectory": {
                                            "total": 34.78741699999986,
                                            "count": 2307,
                                            "is_parallel": true,