{"count":1,"self":5474.2581248,"total":20137.187071199998,"children":{"AgentSendState":{"count":2463451,"self":204.4592384,"total":2785.2946293,"children":{"CollectObservations":{"count":2462190,"self":26.913904,"total":26.913903599999998,"children":null},"CollectDiscreteActionMasks":{"count":2462190,"self":24.484814399999998,"total":24.4848146,"children":null},"AgentInfo.ToProto":{"count":2462190,"self":89.708787199999989,"total":2529.4366664,"children":{"GenerateSensorData":{"count":2462190,"self":1919.5756543999998,"total":2439.7278766,"children":{"RayPerceptionSensor.Perceive":{"count":2462190,"self":520.15216639999994,"total":520.1521455,"children":null}}}}}}},"DecideAction":{"count":2463451,"self":11661.217792,"total":11661.217410899999,"children":null},"AgentAct":{"count":2463451,"self":214.83304959999998,"total":214.83305049999998,"children":null},"AgentInfo.ToProto":{"count":1689,"self":0.0737984,"total":1.5807654,"children":{"GenerateSensorData":{"count":1689,"self":1.1672730999999998,"total":1.506967,"children":{"RayPerceptionSensor.Perceive":{"count":1689,"self":0.3396939,"total":0.3396939,"children":null}}}}}},"gauges":{"Racecar.CumulativeReward":{"count":1689,"max":17.994194,"min":-197.20575,"runningAverage":7.956936,"value":-0.100499988,"weightedAverage":5.15539742}},"metadata":{"timer_format_version":"0.1.0","start_time_seconds":"1610891687","unity_version":"2019.4.11f1","command_line_arguments":"C:\\Program Files\\Unity\\Hub\\Editor\\2019.4.11f1\\Editor\\Unity.exe -projectpath C:\/Users\/Pieter\/Desktop\/final-assignment-Racing-game-met-ML-Agent -useHub -hubIPC -cloudEnvironment production -hubSessionId a5738880-58b1-11eb-b68e-157497dd415e -accessToken pSQYLY9iLaJi6vvvZLLApwo6ZzrOnEhKfVOI7p9UmFo012f","communication_protocol_version":"1.0.0","com.unity.ml-agents_version":"1.0.5","scene_name":"AI Training","end_time_seconds":"1610911823"}}