{"count":1,"self":379.1760384,"total":1963.0219548999999,"children":{"AgentSendState":{"count":345667,"self":22.024832,"total":308.7105329,"children":{"CollectObservations":{"count":345442,"self":2.8685001999999997,"total":2.8685001999999997,"children":null},"CollectDiscreteActionMasks":{"count":345442,"self":2.6923792,"total":2.6923792,"children":null},"AgentInfo.ToProto":{"count":345442,"self":9.8044384,"total":281.12482209999996,"children":{"GenerateSensorData":{"count":345442,"self":218.58557439999998,"total":271.3203836,"children":{"RayPerceptionSensor.Perceive":{"count":345442,"self":52.7348064,"total":52.734806899999995,"children":null}}}}}}},"DecideAction":{"count":345667,"self":1223.5188223999999,"total":1223.5187954,"children":null},"AgentAct":{"count":345667,"self":51.4025888,"total":51.4025876,"children":null},"AgentInfo.ToProto":{"count":301,"self":0.010051599999999999,"total":0.212999,"children":{"GenerateSensorData":{"count":301,"self":0.15852719999999998,"total":0.2029474,"children":{"RayPerceptionSensor.Perceive":{"count":301,"self":0.0444202,"total":0.0444202,"children":null}}}}}},"gauges":{"Racecar.CumulativeReward":{"count":301,"max":10.9483471,"min":-451.382324,"runningAverage":-4.548375,"value":4.86702251,"weightedAverage":4.90705967}},"metadata":{"timer_format_version":"0.1.0","start_time_seconds":"1610018322","unity_version":"2019.4.11f1","command_line_arguments":"C:\\Program Files\\Unity\\Hub\\Editor\\2019.4.11f1\\Editor\\Unity.exe -projectpath C:\/Users\/Pieter\/Desktop\/Unity-VR-ML-Agents -useHub -hubIPC -cloudEnvironment production -hubSessionId 2d925b60-50d3-11eb-9f42-d3a560fb50f2 -accessToken -rx09qJeJMFrkqbAWhTQQMOnmFPFvWE9lKLn1laM7HU012f","communication_protocol_version":"1.0.0","com.unity.ml-agents_version":"1.0.5","scene_name":"AI Training","end_time_seconds":"1610020285"}}