{
    "name": "root",
    "gauges": {
        "Racecar.Policy.Entropy.mean": {
            "value": 0.8170466423034668,
            "min": 0.8045837879180908,
            "max": 2.1966593265533447,
            "count": 246
        },
        "Racecar.Policy.ExtrinsicValueEstimate.mean": {
            "value": 0.7209620475769043,
            "min": -0.659367561340332,
            "max": 0.8675152659416199,
            "count": 246
        },
        "Racecar.Policy.CuriosityValueEstimate.mean": {
            "value": 9.094094276428223,
            "min": 0.18282629549503326,
            "max": 9.094094276428223,
            "count": 246
        },
        "Racecar.Environment.EpisodeLength.mean": {
            "value": 894.4615384615385,
            "min": 472.5,
            "max": 20422.0,
            "count": 242
        },
        "Racecar.Environment.CumulativeReward.mean": {
            "value": 6.172854023793032,
            "min": -197.19900178909302,
            "max": 17.985200547790736,
            "count": 242
        },
        "Racecar.Policy.ExtrinsicReward.mean": {
            "value": 6.172854023793032,
            "min": -197.19900178909302,
            "max": 17.985200547790736,
            "count": 242
        },
        "Racecar.Policy.CuriosityReward.mean": {
            "value": 10.685936861170026,
            "min": 0.0,
            "max": 39.53770909650484,
            "count": 242
        },
        "Racecar.Losses.ValueLoss.mean": {
            "value": 0.058073144406080246,
            "min": 0.00026448111748322845,
            "max": 0.229710653424263,
            "count": 246
        },
        "Racecar.Losses.PolicyLoss.mean": {
            "value": 0.1398525834083557,
            "min": 0.07625120878219604,
            "max": 0.15522943437099457,
            "count": 246
        },
        "Racecar.Policy.LearningRate.mean": {
            "value": 0.0003000000142492354,
            "min": 0.00029999998514540493,
            "max": 0.0003000000142492354,
            "count": 246
        },
        "Racecar.Policy.Epsilon.mean": {
            "value": 0.20000004768371582,
            "min": 0.20000003278255463,
            "max": 0.20000004768371582,
            "count": 246
        },
        "Racecar.Policy.Beta.mean": {
            "value": 0.004999999422580004,
            "min": 0.004999999422580004,
            "max": 0.004999999888241291,
            "count": 246
        },
        "Racecar.Losses.CuriosityForwardLoss.mean": {
            "value": 0.07686786353588104,
            "min": 0.00036710756830871105,
            "max": 0.5213392376899719,
            "count": 246
        },
        "Racecar.Losses.CuriosityInverseLoss.mean": {
            "value": 0.39280223846435547,
            "min": 0.35975944995880127,
            "max": 2.199615716934204,
            "count": 246
        },
        "Racecar.IsTraining.mean": {
            "value": 1.0,
            "min": 1.0,
            "max": 1.0,
            "count": 246
        }
    },
    "metadata": {
        "timer_format_version": "0.1.0",
        "start_time_seconds": "1610891673",
        "python_version": "3.7.9 (default, Aug 31 2020, 17:10:11) [MSC v.1916 64 bit (AMD64)]",
        "command_line_arguments": "C:\\Users\\Pieter\\anaconda3\\envs\\ml-agents\\Scripts\\mlagents-learn Racecar.yml --run-id racerfinal02",
        "mlagents_version": "0.19.0",
        "mlagents_envs_version": "0.19.0",
        "communication_protocol_version": "1.0.0",
        "tensorflow_version": "2.3.1",
        "numpy_version": "1.18.5",
        "end_time_seconds": "1610911824"
    },
    "total": 20150.5203508,
    "count": 1,
    "self": 0.010456200001499383,
    "children": {
        "run_training.setup": {
            "total": 0.018911499999999748,
            "count": 1,
            "self": 0.018911499999999748
        },
        "TrainerController.start_learning": {
            "total": 20150.4909831,
            "count": 1,
            "self": 99.6954488986812,
            "children": {
                "TrainerController._reset_env": {
                    "total": 16.4878559,
                    "count": 1,
                    "self": 16.4878559
                },
                "TrainerController.advance": {
                    "total": 20033.61466540132,
                    "count": 2463439,
                    "self": 53.12459300067712,
                    "children": {
                        "env_step": {
                            "total": 19980.490072400644,
                            "count": 2463439,
                            "self": 17367.9577875005,
                            "children": {
                                "SubprocessEnvManager._take_step": {
                                    "total": 2561.0215000006433,
                                    "count": 2463439,
                                    "self": 91.69829899847582,
                                    "children": {
                                        "TFPolicy.evaluate": {
                                            "total": 2469.3232010021675,
                                            "count": 2462178,
                                            "self": 2469.3232010021675
                                        }
                                    }
                                },
                                "workers": {
                                    "total": 51.51078489949798,
                                    "count": 2463438,
                                    "self": 0.0,
                                    "children": {
                                        "worker_root": {
                                            "total": 20043.217372798805,
                                            "count": 2463438,
                                            "is_parallel": true,
                                            "self": 5943.989280097796,
                                            "children": {
                                                "steps_from_proto": {
                                                    "total": 0.001637099999999947,
                                                    "count": 1,
                                                    "is_parallel": true,
                                                    "self": 0.000343499999999608,
                                                    "children": {
                                                        "_process_vector_observation": {
                                                            "total": 0.001293600000000339,
                                                            "count": 4,
                                                            "is_parallel": true,
                                                            "self": 0.001293600000000339
                                                        }
                                                    }
                                                },
                                                "UnityEnvironment.step": {
                                                    "total": 14099.226455601009,
                                                    "count": 2463438,
                                                    "is_parallel": true,
                                                    "self": 298.2530357011874,
                                                    "children": {
                                                        "UnityEnvironment._generate_step_input": {
                                                            "total": 187.90402439790535,
                                                            "count": 2463438,
                                                            "is_parallel": true,
                                                            "self": 187.90402439790535
                                                        },