{
    "name": "root",
    "gauges": {
        "Racecar.Policy.Entropy.mean": {
            "value": 1.9747724533081055,
            "min": 1.8690381050109863,
            "max": 2.196502447128296,
            "count": 52
        },
        "Racecar.Policy.ExtrinsicValueEstimate.mean": {
            "value": 0.6347594261169434,
            "min": -0.3979684114456177,
            "max": 0.6415403485298157,
            "count": 52
        },
        "Racecar.Policy.CuriosityValueEstimate.mean": {
            "value": 0.008002279326319695,
            "min": 0.006369325332343578,
            "max": 0.17705103754997253,
            "count": 52
        },
        "Racecar.Losses.ValueLoss.mean": {
            "value": 0.03154207393527031,
            "min": 0.011933650821447372,
            "max": 0.05691753327846527,
            "count": 52
        },
        "Racecar.Losses.PolicyLoss.mean": {
            "value": 0.1387811303138733,
            "min": 0.12971648573875427,
            "max": 0.14568838477134705,
            "count": 52
        },
        "Racecar.Policy.LearningRate.mean": {
            "value": 0.00029999998514540493,
            "min": 0.00029999998514540493,
            "max": 0.0003000000142492354,
            "count": 52
        },
        "Racecar.Policy.Epsilon.mean": {
            "value": 0.20000003278255463,
            "min": 0.20000003278255463,
            "max": 0.20000004768371582,
            "count": 52
        },
        "Racecar.Policy.Beta.mean": {
            "value": 0.004999999422580004,
            "min": 0.004999999422580004,
            "max": 0.004999999888241291,
            "count": 52
        },
        "Racecar.Losses.CuriosityForwardLoss.mean": {
            "value": 0.004193039145320654,
            "min": 0.0014168553752824664,
            "max": 0.02398284710943699,
            "count": 52
        },
        "Racecar.Losses.CuriosityInverseLoss.mean": {
            "value": 1.95417320728302,
            "min": 1.8698654174804688,
            "max": 2.199148178100586,
            "count": 52
        },
        "Racecar.IsTraining.mean": {
            "value": 1.0,
            "min": 1.0,
            "max": 1.0,
            "count": 52
        },
        "Racecar.Environment.EpisodeLength.mean": {
            "value": 3674.0,
            "min": 571.3888888888889,
            "max": 14024.0,
            "count": 51
        },
        "Racecar.Environment.CumulativeReward.mean": {
            "value": 26.618750967551023,
            "min": -117.12630095658824,
            "max": 50.54480143566616,
            "count": 51
        },
        "Racecar.Policy.ExtrinsicReward.mean": {
            "value": 26.618750967551023,
            "min": -117.12630095658824,
            "max": 50.54480143566616,
            "count": 51
        },
        "Racecar.Policy.CuriosityReward.mean": {
            "value": 0.2923951563425362,
            "min": 0.01086791325451486,
            "max": 1.2512549135135487,
            "count": 51
        }
    },
    "metadata": {
        "timer_format_version": "0.1.0",
        "start_time_seconds": "1609685159",
        "python_version": "3.7.9 (default, Aug 31 2020, 17:10:11) [MSC v.1916 64 bit (AMD64)]",
        "command_line_arguments": "C:\\Users\\Pieter\\anaconda3\\envs\\ml-agents\\Scripts\\mlagents-learn Racecar.yml --run-id racer11",
        "mlagents_version": "0.19.0",
        "mlagents_envs_version": "0.19.0",
        "communication_protocol_version": "1.0.0",
        "tensorflow_version": "2.3.1",
        "numpy_version": "1.18.5",
        "end_time_seconds": "1609689117"
    },
    "total": 3957.4449911,
    "count": 1,
    "self": 0.007118100000298,
    "children": {
        "run_training.setup": {
            "total": 0.02135440000000033,
            "count": 1,
            "self": 0.02135440000000033
        },
        "TrainerController.start_learning": {
            "total": 3957.4165186,
            "count": 1,
            "self": 16.28804530019488,
            "children": {
                "TrainerController._reset_env": {
                    "total": 13.683756899999999,
                    "count": 1,
                    "self": 13.683756899999999
                },
                "TrainerController.advance": {
                    "total": 3926.8602092998053,
                    "count": 525627,
                    "self": 8.758120799949666,
                    "children": {
                        "env_step": {
                            "total": 3918.1020884998557,
                            "count": 525627,
                            "self": 3479.0561225998545,
                            "children": {
                                "SubprocessEnvManager._take_step": {
                                    "total": 431.09833600003753,
                                    "count": 525627,
                                    "self": 15.049028800252131,
                                    "children": {
                                        "TFPolicy.evaluate": {
                                            "total": 416.0493071997854,
                                            "count": 525356,
                                            "self": 416.0493071997854
                                        }
                                    }
                                },
                                "workers": {
                                    "total": 7.947629899963868,
                                    "count": 525626,
                                    "self": 0.0,
                                    "children": {
                                        "worker_root": {
                                            "total": 3929.299276799892,
                                            "count": 525626,
                                            "is_parallel": true,
                                            "self": 1012.0153295999676,
                                            "children": {
                                                "steps_from_proto": {
                                                    "total": 0.0005222000000006943,
                                                    "count": 1,
                                                    "is_parallel": true,
                                                    "self": 0.00023420000000129448,
                                                    "children": {
                                                        "_process_vector_observation": {
                                                            "total": 0.00028799999999939985,
                                                            "count": 4,
                                                            "is_parallel": true,
                                                            "self": 0.00028799999999939985
                                                        }
                                                    }
                                                },
                                                "UnityEnvironment.step": {
                                                    "total": 2917.2834249999246,
                                                    "count": 525626,
                                                    "is_parallel": true,
                                                    "self": 51.968044199560154,
                                                    "children": {
                                                        "UnityEnvironment._generate_step_input": {
                                                            "total": 32.02041570000254,
                                                            "count": 525626,
                                                            "is_parallel": true,
                                                            "self": 32.02041570000254
                                                        },