{
    "name": "root",
    "gauges": {
        "Racecar.Policy.Entropy.mean": {
            "value": 2.1898763179779053,
            "min": 2.1898763179779053,
            "max": 2.196775197982788,
            "count": 8
        },
        "Racecar.Policy.ExtrinsicValueEstimate.mean": {
            "value": -0.1351018249988556,
            "min": -0.2827216386795044,
            "max": -0.1351018249988556,
            "count": 8
        },
        "Racecar.Policy.CuriosityValueEstimate.mean": {
            "value": -0.042412616312503815,
            "min": -0.05975084379315376,
            "max": -0.03585750609636307,
            "count": 8
        },
        "Racecar.Losses.ValueLoss.mean": {
            "value": 0.0023924128618091345,
            "min": 1.9840050299535505e-05,
            "max": 0.0023924128618091345,
            "count": 8
        },
        "Racecar.Losses.PolicyLoss.mean": {
            "value": 0.09452026337385178,
            "min": 0.08448928594589233,
            "max": 0.14104853570461273,
            "count": 8
        },
        "Racecar.Policy.LearningRate.mean": {
            "value": 0.0003000000142492354,
            "min": 0.00029999998514540493,
            "max": 0.0003000000142492354,
            "count": 8
        },
        "Racecar.Policy.Epsilon.mean": {
            "value": 0.20000004768371582,
            "min": 0.20000003278255463,
            "max": 0.20000004768371582,
            "count": 8
        },
        "Racecar.Policy.Beta.mean": {
            "value": 0.004999999422580004,
            "min": 0.004999999422580004,
            "max": 0.004999999888241291,
            "count": 8
        },
        "Racecar.Losses.CuriosityForwardLoss.mean": {
            "value": 0.0028579100035130978,
            "min": 0.001296535017900169,
            "max": 0.02101116254925728,
            "count": 8
        },
        "Racecar.Losses.CuriosityInverseLoss.mean": {
            "value": 2.1915464401245117,
            "min": 2.1915464401245117,
            "max": 2.1988415718078613,
            "count": 8
        },
        "Racecar.IsTraining.mean": {
            "value": 1.0,
            "min": 1.0,
            "max": 1.0,
            "count": 8
        },
        "Racecar.Environment.EpisodeLength.mean": {
            "value": 7174.0,
            "min": 4906.0,
            "max": 26200.0,
            "count": 6
        },
        "Racecar.Environment.CumulativeReward.mean": {
            "value": -3.195000105566578,
            "min": -10.286100409168284,
            "max": -3.195000105566578,
            "count": 6
        },
        "Racecar.Policy.ExtrinsicReward.mean": {
            "value": -3.195000105566578,
            "min": -10.286100409168284,
            "max": -3.195000105566578,
            "count": 6
        },
        "Racecar.Policy.CuriosityReward.mean": {
            "value": 0.6713273203931749,
            "min": 0.6713273203931749,
            "max": 6.282620890066028,
            "count": 6
        }
    },
    "metadata": {
        "timer_format_version": "0.1.0",
        "start_time_seconds": "1610016184",
        "python_version": "3.7.9 (default, Aug 31 2020, 17:10:11) [MSC v.1916 64 bit (AMD64)]",
        "command_line_arguments": "C:\\Users\\Pieter\\anaconda3\\envs\\ml-agents\\Scripts\\mlagents-learn Racecar.yml --run-id racer25",
        "mlagents_version": "0.19.0",
        "mlagents_envs_version": "0.19.0",
        "communication_protocol_version": "1.0.0",
        "tensorflow_version": "2.3.1",
        "numpy_version": "1.18.5",
        "end_time_seconds": "1610016762"
    },
    "total": 577.9387019999999,
    "count": 1,
    "self": 0.00874559999988378,
    "children": {
        "run_training.setup": {
            "total": 0.008918900000000285,
            "count": 1,
            "self": 0.008918900000000285
        },
        "TrainerController.start_learning": {
            "total": 577.9210375,
            "count": 1,
            "self": 2.5000357000106987,
            "children": {
                "TrainerController._reset_env": {
                    "total": 23.534477000000003,
                    "count": 1,
                    "self": 23.534477000000003
                },
                "TrainerController.advance": {
                    "total": 551.3070111999893,
                    "count": 83765,
                    "self": 1.276833299997861,
                    "children": {
                        "env_step": {
                            "total": 550.0301778999915,
                            "count": 83765,
                            "self": 483.4392186999887,
                            "children": {
                                "SubprocessEnvManager._take_step": {
                                    "total": 65.40099390000712,
                                    "count": 83765,
                                    "self": 2.1934814000046785,
                                    "children": {
                                        "TFPolicy.evaluate": {
                                            "total": 63.207512500002444,
                                            "count": 83760,
                                            "self": 63.207512500002444
                                        }
                                    }
                                },
                                "workers": {
                                    "total": 1.1899652999956842,
                                    "count": 83764,
                                    "self": 0.0,
                                    "children": {
                                        "worker_root": {
                                            "total": 552.9678289999998,
                                            "count": 83764,
                                            "is_parallel": true,
                                            "self": 153.04144010000084,
                                            "children": {
                                                "steps_from_proto": {
                                                    "total": 0.00036880000000039104,
                                                    "count": 1,
                                                    "is_parallel": true,
                                                    "self": 0.00015480000000067662,
                                                    "children": {
                                                        "_process_vector_observation": {
                                                            "total": 0.00021399999999971442,
                                                            "count": 4,
                                                            "is_parallel": true,
                                                            "self": 0.00021399999999971442
                                                        }
                                                    }
                                                },
                                                "UnityEnvironment.step": {
                                                    "total": 399.926020099999,
                                                    "count": 83764,
                                                    "is_parallel": true,
                                                    "self": 7.665133699999501,
                                                    "children": {
                                                        "UnityEnvironment._generate_step_input": {
                                                            "total": 4.730184600006112,
                                                            "count": 83764,
                                                            "is_parallel": true,
                                                            "self": 4.730184600006112
                                                        },