{
    "name": "root",
    "metadata": {
        "timer_format_version": "0.1.0",
        "start_time_seconds": "1609186149",
        "python_version": "3.7.9 (default, Aug 31 2020, 17:10:11) [MSC v.1916 64 bit (AMD64)]",
        "command_line_arguments": "C:\\Users\\Pieter\\anaconda3\\envs\\ml-agents\\Scripts\\mlagents-learn Racecar.yml --run-id race31",
        "mlagents_version": "0.19.0",
        "mlagents_envs_version": "0.19.0",
        "communication_protocol_version": "1.0.0",
        "tensorflow_version": "2.3.1",
        "numpy_version": "1.18.5",
        "end_time_seconds": "1609186185"
    },
    "total": 36.3023703,
    "count": 1,
    "self": 0.03356459999999828,
    "children": {
        "run_training.setup": {
            "total": 0.008802900000000058,
            "count": 1,
            "self": 0.008802900000000058
        },
        "TrainerController.start_learning": {
            "total": 36.2600028,
            "count": 1,
            "self": 0.13087010000000276,
            "children": {
                "TrainerController._reset_env": {
                    "total": 7.097254599999999,
                    "count": 1,
                    "self": 7.097254599999999
                },
                "TrainerController.advance": {
                    "total": 28.8321161,
                    "count": 4334,
                    "self": 0.06579589999994084,
                    "children": {
                        "env_step": {
                            "total": 28.76632020000006,
                            "count": 4334,
                            "self": 25.347331900000093,
                            "children": {
                                "SubprocessEnvManager._take_step": {
                                    "total": 3.3562701000000974,
                                    "count": 4334,
                                    "self": 0.11410880000018864,
                                    "children": {
                                        "TFPolicy.evaluate": {
                                            "total": 3.2421612999999088,
                                            "count": 4334,
                                            "self": 3.2421612999999088
                                        }
                                    }
                                },
                                "workers": {
                                    "total": 0.06271819999987116,
                                    "count": 4333,
                                    "self": 0.0,
                                    "children": {
                                        "worker_root": {
                                            "total": 31.138718400000133,
                                            "count": 4333,
                                            "is_parallel": true,
                                            "self": 9.775363899999952,
                                            "children": {
                                                "steps_from_proto": {
                                                    "total": 0.000757899999999978,
                                                    "count": 1,
                                                    "is_parallel": true,
                                                    "self": 0.00033919999999998396,
                                                    "children": {
                                                        "_process_vector_observation": {
                                                            "total": 0.0004186999999999941,
                                                            "count": 4,
                                                            "is_parallel": true,
                                                            "self": 0.0004186999999999941
                                                        }
                                                    }
                                                },
                                                "UnityEnvironment.step": {
                                                    "total": 21.36259660000018,
                                                    "count": 4333,
                                                    "is_parallel": true,
                                                    "self": 0.4305588000002949,
                                                    "children": {
                                                        "UnityEnvironment._generate_step_input": {
                                                            "total": 0.25139620000016016,
                                                            "count": 4333,
                                                            "is_parallel": true,
                                                            "self": 0.25139620000016016
                                                        },
                                                        "communicator.exchange": {
                                                            "total": 19.149344299999907,
                                                            "count": 4333,
                                                            "is_parallel": true,
                                                            "self": 19.149344299999907
                                                        },
                                                        "steps_from_proto": {
                                                            "total": 1.5312972999998182,
                                                            "count": 4333,
                                                            "is_parallel": true,
                                                            "self": 0.766067199999882,
                                                            "children": {
                                                                "_process_vector_observation": {
                                                                    "total": 0.7652300999999362,
                                                                    "count": 17332,
                                                                    "is_parallel": true,
                                                                    "self": 0.7652300999999362
                                                                }
                                                            }
                                                        }
                                                    }
                                                }
                                            }
                                        }
                                    }
                                }
                            }
                        }
                    }
                },
                "trainer_threads": {
                    "total": 2.6200000000642376e-05,
                    "count": 1,
                    "self": 2.6200000000642376e-05,
                    "children": {
                        "thread_root": {
                            "total": 0.0,
                            "count": 0,
                            "is_parallel": true,
                            "self": 0.0,
                            "children": {
                                "trainer_advance": {
                                    "total": 28.92303519999996,
                                    "count": 1895,
                                    "is_parallel": true,
                                    "self": 0.08538099999991644,
                                    "children": {
                                        "process_trajectory": {
                                            "total": 28.837654200000042,
                                            "count": 1895,
                                            "is_parallel": true,