{
    "name": "root",
    "gauges": {
        "Racecar.Policy.Entropy.mean": {
            "value": 2.1966447830200195,
            "min": 2.1966447830200195,
            "max": 2.1966447830200195,
            "count": 1
        },
        "Racecar.Policy.ExtrinsicValueEstimate.mean": {
            "value": 0.10192552953958511,
            "min": 0.10192552953958511,
            "max": 0.10192552953958511,
            "count": 1
        },
        "Racecar.Policy.CuriosityValueEstimate.mean": {
            "value": 0.288850337266922,
            "min": 0.288850337266922,
            "max": 0.288850337266922,
            "count": 1
        },
        "Racecar.Environment.EpisodeLength.mean": {
            "value": 8056.0,
            "min": 8056.0,
            "max": 8056.0,
            "count": 1
        },
        "Racecar.Environment.CumulativeReward.mean": {
            "value": -28.82886938750744,
            "min": -28.82886938750744,
            "max": -28.82886938750744,
            "count": 1
        },
        "Racecar.Policy.ExtrinsicReward.mean": {
            "value": -28.82886938750744,
            "min": -28.82886938750744,
            "max": -28.82886938750744,
            "count": 1
        },
        "Racecar.Policy.CuriosityReward.mean": {
            "value": 0.0,
            "min": 0.0,
            "max": 0.0,
            "count": 1
        },
        "Racecar.Losses.ValueLoss.mean": {
            "value": 0.0022605154663324356,
            "min": 0.0022605154663324356,
            "max": 0.0022605154663324356,
            "count": 1
        },
        "Racecar.Losses.PolicyLoss.mean": {
            "value": 0.1117968037724495,
            "min": 0.1117968037724495,
            "max": 0.1117968037724495,
            "count": 1
        },
        "Racecar.Policy.LearningRate.mean": {
            "value": 0.0003000000142492354,
            "min": 0.0003000000142492354,
            "max": 0.0003000000142492354,
            "count": 1
        },
        "Racecar.Policy.Epsilon.mean": {
            "value": 0.20000004768371582,
            "min": 0.20000004768371582,
            "max": 0.20000004768371582,
            "count": 1
        },
        "Racecar.Policy.Beta.mean": {
            "value": 0.004999999422580004,
            "min": 0.004999999422580004,
            "max": 0.004999999422580004,
            "count": 1
        },
        "Racecar.Losses.CuriosityForwardLoss.mean": {
            "value": 0.02139219455420971,
            "min": 0.02139219455420971,
            "max": 0.02139219455420971,
            "count": 1
        },
        "Racecar.Losses.CuriosityInverseLoss.mean": {
            "value": 2.1988131999969482,
            "min": 2.1988131999969482,
            "max": 2.1988131999969482,
            "count": 1
        },
        "Racecar.IsTraining.mean": {
            "value": 1.0,
            "min": 1.0,
            "max": 1.0,
            "count": 1
        }
    },
    "metadata": {
        "timer_format_version": "0.1.0",
        "start_time_seconds": "1609250832",
        "python_version": "3.7.9 (default, Aug 31 2020, 17:10:11) [MSC v.1916 64 bit (AMD64)]",
        "command_line_arguments": "C:\\Users\\Pieter\\anaconda3\\envs\\ml-agents\\Scripts\\mlagents-learn Racecar.yml --run-id racecar07",
        "mlagents_version": "0.19.0",
        "mlagents_envs_version": "0.19.0",
        "communication_protocol_version": "1.0.0",
        "tensorflow_version": "2.3.1",
        "numpy_version": "1.18.5",
        "end_time_seconds": "1609250914"
    },
    "total": 81.59780140000001,
    "count": 1,
    "self": 0.0065844000000083724,
    "children": {
        "run_training.setup": {
            "total": 0.008128700000000322,
            "count": 1,
            "self": 0.008128700000000322
        },
        "TrainerController.start_learning": {
            "total": 81.5830883,
            "count": 1,
            "self": 0.37362460000018416,
            "children": {
                "TrainerController._reset_env": {
                    "total": 9.2598869,
                    "count": 1,
                    "self": 9.2598869
                },
                "TrainerController.advance": {
                    "total": 71.33212129999981,
                    "count": 11626,
                    "self": 0.19120129999922142,
                    "children": {
                        "env_step": {
                            "total": 71.14092000000059,
                            "count": 11626,
                            "self": 61.22854109999993,
                            "children": {
                                "SubprocessEnvManager._take_step": {
                                    "total": 9.719929900000102,
                                    "count": 11626,
                                    "self": 0.3284445999996688,
                                    "children": {
                                        "TFPolicy.evaluate": {
                                            "total": 9.391485300000433,
                                            "count": 11625,
                                            "self": 9.391485300000433
                                        }
                                    }
                                },
                                "workers": {
                                    "total": 0.19244900000055587,
                                    "count": 11625,
                                    "self": 0.0,
                                    "children": {
                                        "worker_root": {
                                            "total": 73.68209310000016,
                                            "count": 11625,
                                            "is_parallel": true,
                                            "self": 24.576347100000667,
                                            "children": {
                                                "steps_from_proto": {
                                                    "total": 0.0006070000000004683,
                                                    "count": 1,
                                                    "is_parallel": true,
                                                    "self": 0.00027000000000043656,
                                                    "children": {
                                                        "_process_vector_observation": {
                                                            "total": 0.0003370000000000317,
                                                            "count": 4,
                                                            "is_parallel": true,
                                                            "self": 0.0003370000000000317
                                                        }
                                                    }
                                                },
                                                "UnityEnvironment.step": {
                                                    "total": 49.10513899999949,
                                                    "count": 11625,
                                                    "is_parallel": true,
                                                    "self": 1.1289735999994974,
                                                    "children": {
                                                        "UnityEnvironment._generate_step_input": {
                                                            "total": 0.7038606000002794,
                                                            "count": 11625,
                                                            "is_parallel": true,
                                                            "self": 0.7038606000002794
                                                        },