{
    "name": "root",
    "gauges": {
        "Racecar.Policy.Entropy.mean": {
            "value": 2.1041524410247803,
            "min": 2.1041524410247803,
            "max": 2.196584939956665,
            "count": 12
        },
        "Racecar.Policy.ExtrinsicValueEstimate.mean": {
            "value": -0.1667645126581192,
            "min": -0.37536147236824036,
            "max": -0.10925298929214478,
            "count": 12
        },
        "Racecar.Policy.CuriosityValueEstimate.mean": {
            "value": -0.019793888553977013,
            "min": -0.09508917480707169,
            "max": -0.019793888553977013,
            "count": 12
        },
        "Racecar.Environment.EpisodeLength.mean": {
            "value": 1731.8,
            "min": 437.0869565217391,
            "max": 8316.0,
            "count": 11
        },
        "Racecar.Environment.CumulativeReward.mean": {
            "value": 1.1721657043381128,
            "min": -180.24769922427367,
            "max": 1.1721657043381128,
            "count": 11
        },
        "Racecar.Policy.ExtrinsicReward.mean": {
            "value": 1.1721657043381128,
            "min": -180.24769922427367,
            "max": 1.1721657043381128,
            "count": 11
        },
        "Racecar.Policy.CuriosityReward.mean": {
            "value": 0.042731175175867976,
            "min": 0.0,
            "max": 0.1599477023895209,
            "count": 11
        },
        "Racecar.Losses.ValueLoss.mean": {
            "value": 0.010218128561973572,
            "min": 0.00933206919580698,
            "max": 0.04700951650738716,
            "count": 12
        },
        "Racecar.Losses.PolicyLoss.mean": {
            "value": 0.13743722438812256,
            "min": 0.13359259068965912,
            "max": 0.1466783583164215,
            "count": 12
        },
        "Racecar.Policy.LearningRate.mean": {
            "value": 0.0003000000142492354,
            "min": 0.00029999998514540493,
            "max": 0.0003000000142492354,
            "count": 12
        },
        "Racecar.Policy.Epsilon.mean": {
            "value": 0.20000004768371582,
            "min": 0.20000003278255463,
            "max": 0.20000004768371582,
            "count": 12
        },
        "Racecar.Policy.Beta.mean": {
            "value": 0.004999999422580004,
            "min": 0.004999999422580004,
            "max": 0.004999999422580004,
            "count": 12
        },
        "Racecar.Losses.CuriosityForwardLoss.mean": {
            "value": 0.0033904111478477716,
            "min": 0.00184627715498209,
            "max": 0.030394187197089195,
            "count": 12
        },
        "Racecar.Losses.CuriosityInverseLoss.mean": {
            "value": 2.1176791191101074,
            "min": 2.09957218170166,
            "max": 2.1998343467712402,
            "count": 12
        },
        "Racecar.IsTraining.mean": {
            "value": 1.0,
            "min": 1.0,
            "max": 1.0,
            "count": 12
        }
    },
    "metadata": {
        "timer_format_version": "0.1.0",
        "start_time_seconds": "1609583593",
        "python_version": "3.7.9 (default, Aug 31 2020, 17:10:11) [MSC v.1916 64 bit (AMD64)]",
        "command_line_arguments": "C:\\Users\\Pieter\\anaconda3\\envs\\ml-agents\\Scripts\\mlagents-learn Racecar.yml --run-id racer02",
        "mlagents_version": "0.19.0",
        "mlagents_envs_version": "0.19.0",
        "communication_protocol_version": "1.0.0",
        "tensorflow_version": "2.3.1",
        "numpy_version": "1.18.5",
        "end_time_seconds": "1609584466"
    },
    "total": 872.865712,
    "count": 1,
    "self": 0.005604200000107085,
    "children": {
        "run_training.setup": {
            "total": 0.006991999999999887,
            "count": 1,
            "self": 0.006991999999999887
        },
        "TrainerController.start_learning": {
            "total": 872.8531158,
            "count": 1,
            "self": 3.8107066000012537,
            "children": {
                "TrainerController._reset_env": {
                    "total": 8.8346445,
                    "count": 1,
                    "self": 8.8346445
                },
                "TrainerController.advance": {
                    "total": 859.7946056999988,
                    "count": 128234,
                    "self": 2.0004598999862537,
                    "children": {
                        "env_step": {
                            "total": 857.7941458000125,
                            "count": 128234,
                            "self": 754.2375790000095,
                            "children": {
                                "SubprocessEnvManager._take_step": {
                                    "total": 101.65894660000691,
                                    "count": 128234,
                                    "self": 3.506731599997636,
                                    "children": {
                                        "TFPolicy.evaluate": {
                                            "total": 98.15221500000928,
                                            "count": 128234,
                                            "self": 98.15221500000928
                                        }
                                    }
                                },
                                "workers": {
                                    "total": 1.8976201999960391,
                                    "count": 128233,
                                    "self": 0.0,
                                    "children": {
                                        "worker_root": {
                                            "total": 844.6186009000169,
                                            "count": 128233,
                                            "is_parallel": true,
                                            "self": 241.03677130000608,
                                            "children": {
                                                "steps_from_proto": {
                                                    "total": 0.00034099999999970265,
                                                    "count": 1,
                                                    "is_parallel": true,
                                                    "self": 0.00014659999999899753,
                                                    "children": {
                                                        "_process_vector_observation": {
                                                            "total": 0.00019440000000070512,
                                                            "count": 4,
                                                            "is_parallel": true,
                                                            "self": 0.00019440000000070512
                                                        }
                                                    }
                                                },
                                                "UnityEnvironment.step": {
                                                    "total": 603.5814886000107,
                                                    "count": 128233,
                                                    "is_parallel": true,
                                                    "self": 12.006629600032738,
                                                    "children": {
                                                        "UnityEnvironment._generate_step_input": {
                                                            "total": 7.31868819999144,
                                                            "count": 128233,
                                                            "is_parallel": true,
                                                            "self": 7.31868819999144
                                                        },