{
    "name": "root",
    "gauges": {
        "Racecar.Policy.Entropy.mean": {
            "value": 0.5270852446556091,
            "min": 0.5270852446556091,
            "max": 2.196835517883301,
            "count": 15
        },
        "Racecar.Policy.ExtrinsicValueEstimate.mean": {
            "value": -0.3658488690853119,
            "min": -1.4165725708007812,
            "max": -0.14762268960475922,
            "count": 15
        },
        "Racecar.Policy.CuriosityValueEstimate.mean": {
            "value": 0.041826728731393814,
            "min": 0.02459096349775791,
            "max": 0.10187482088804245,
            "count": 15
        },
        "Racecar.Environment.EpisodeLength.mean": {
            "value": 153.7246376811594,
            "min": 139.5151515151515,
            "max": 7066.0,
            "count": 15
        },
        "Racecar.Environment.CumulativeReward.mean": {
            "value": 0.9599012882178051,
            "min": -465.7106864452362,
            "max": 0.9599012882178051,
            "count": 15
        },
        "Racecar.Policy.ExtrinsicReward.mean": {
            "value": 0.9599012882178051,
            "min": -465.7106864452362,
            "max": 0.9599012882178051,
            "count": 15
        },
        "Racecar.Policy.CuriosityReward.mean": {
            "value": 0.019074113800646348,
            "min": 0.0,
            "max": 0.060678305989131334,
            "count": 15
        },
        "Racecar.Losses.ValueLoss.mean": {
            "value": 0.008391185663640499,
            "min": 0.004293188918381929,
            "max": 0.24290727078914642,
            "count": 15
        },
        "Racecar.Losses.PolicyLoss.mean": {
            "value": 0.13870978355407715,
            "min": 0.13780665397644043,
            "max": 0.15468373894691467,
            "count": 15
        },
        "Racecar.Policy.LearningRate.mean": {
            "value": 0.00029999998514540493,
            "min": 0.00029999998514540493,
            "max": 0.0003000000142492354,
            "count": 15
        },
        "Racecar.Policy.Epsilon.mean": {
            "value": 0.20000003278255463,
            "min": 0.20000003278255463,
            "max": 0.20000004768371582,
            "count": 15
        },
        "Racecar.Policy.Beta.mean": {
            "value": 0.004999999422580004,
            "min": 0.004999999422580004,
            "max": 0.004999999422580004,
            "count": 15
        },
        "Racecar.Losses.CuriosityForwardLoss.mean": {
            "value": 0.0071379076689481735,
            "min": 0.003364418400451541,
            "max": 0.020973509177565575,
            "count": 15
        },
        "Racecar.Losses.CuriosityInverseLoss.mean": {
            "value": 0.6077441573143005,
            "min": 0.6077441573143005,
            "max": 2.1992781162261963,
            "count": 15
        },
        "Racecar.IsTraining.mean": {
            "value": 1.0,
            "min": 1.0,
            "max": 1.0,
            "count": 15
        }
    },
    "metadata": {
        "timer_format_version": "0.1.0",
        "start_time_seconds": "1609162709",
        "python_version": "3.7.9 (default, Aug 31 2020, 17:10:11) [MSC v.1916 64 bit (AMD64)]",
        "command_line_arguments": "C:\\Users\\Pieter\\anaconda3\\envs\\ml-agents\\Scripts\\mlagents-learn Racecar.yml --run-id race16",
        "mlagents_version": "0.19.0",
        "mlagents_envs_version": "0.19.0",
        "communication_protocol_version": "1.0.0",
        "tensorflow_version": "2.3.1",
        "numpy_version": "1.18.5",
        "end_time_seconds": "1609163872"
    },
    "total": 1162.5431081000002,
    "count": 1,
    "self": 0.007190300000274874,
    "children": {
        "run_training.setup": {
            "total": 0.021259899999999998,
            "count": 1,
            "self": 0.021259899999999998
        },
        "TrainerController.start_learning": {
            "total": 1162.5146579,
            "count": 1,
            "self": 4.984923500026753,
            "children": {
                "TrainerController._reset_env": {
                    "total": 9.411356,
                    "count": 1,
                    "self": 9.411356
                },
                "TrainerController.advance": {
                    "total": 1147.573838499973,
                    "count": 157617,
                    "self": 2.623076399968568,
                    "children": {
                        "env_step": {
                            "total": 1144.9507621000043,
                            "count": 157617,
                            "self": 1015.5317731999666,
                            "children": {
                                "SubprocessEnvManager._take_step": {
                                    "total": 126.9398119000229,
                                    "count": 157617,
                                    "self": 4.459758800047652,
                                    "children": {
                                        "TFPolicy.evaluate": {
                                            "total": 122.48005309997525,
                                            "count": 157617,
                                            "self": 122.48005309997525
                                        }
                                    }
                                },
                                "workers": {
                                    "total": 2.479177000014893,
                                    "count": 157616,
                                    "self": 0.0,
                                    "children": {
                                        "worker_root": {
                                            "total": 1149.712588299992,
                                            "count": 157616,
                                            "is_parallel": true,
                                            "self": 303.9350111000151,
                                            "children": {
                                                "steps_from_proto": {
                                                    "total": 0.00047029999999992356,
                                                    "count": 1,
                                                    "is_parallel": true,
                                                    "self": 0.00020419999999976568,
                                                    "children": {
                                                        "_process_vector_observation": {
                                                            "total": 0.0002661000000001579,
                                                            "count": 4,
                                                            "is_parallel": true,
                                                            "self": 0.0002661000000001579
                                                        }
                                                    }
                                                },
                                                "UnityEnvironment.step": {
                                                    "total": 845.7771068999768,
                                                    "count": 157616,
                                                    "is_parallel": true,
                                                    "self": 15.575038999968228,
                                                    "children": {
                                                        "UnityEnvironment._generate_step_input": {
                                                            "total": 9.401405200009512,
                                                            "count": 157616,
                                                            "is_parallel": true,
                                                            "self": 9.401405200009512
                                                        },