{
    "name": "root",
    "gauges": {
        "Racecar.Policy.Entropy.mean": {
            "value": 0.7220351099967957,
            "min": 0.7220351099967957,
            "max": 2.196565628051758,
            "count": 17
        },
        "Racecar.Policy.ExtrinsicValueEstimate.mean": {
            "value": 0.13560904562473297,
            "min": -0.6440147757530212,
            "max": 0.2379453331232071,
            "count": 17
        },
        "Racecar.Policy.CuriosityValueEstimate.mean": {
            "value": 0.23327414691448212,
            "min": 0.07039278000593185,
            "max": 0.23327414691448212,
            "count": 17
        },
        "Racecar.Environment.EpisodeLength.mean": {
            "value": 133.66666666666666,
            "min": 133.66666666666666,
            "max": 7541.0,
            "count": 17
        },
        "Racecar.Environment.CumulativeReward.mean": {
            "value": 1.0037198790625945,
            "min": -475.81131184101105,
            "max": 1.111954061474119,
            "count": 17
        },
        "Racecar.Policy.ExtrinsicReward.mean": {
            "value": 1.0037198790625945,
            "min": -475.81131184101105,
            "max": 1.111954061474119,
            "count": 17
        },
        "Racecar.Policy.CuriosityReward.mean": {
            "value": 0.009709278192187068,
            "min": 0.0,
            "max": 0.09608097010641359,
            "count": 17
        },
        "Racecar.Losses.ValueLoss.mean": {
            "value": 0.008448528125882149,
            "min": 0.0052199396304786205,
            "max": 0.2999745011329651,
            "count": 17
        },
        "Racecar.Losses.PolicyLoss.mean": {
            "value": 0.14263136684894562,
            "min": 0.1350422501564026,
            "max": 0.14656822383403778,
            "count": 17
        },
        "Racecar.Policy.LearningRate.mean": {
            "value": 0.0003000000142492354,
            "min": 0.00029999998514540493,
            "max": 0.0003000000142492354,
            "count": 17
        },
        "Racecar.Policy.Epsilon.mean": {
            "value": 0.20000004768371582,
            "min": 0.20000003278255463,
            "max": 0.20000004768371582,
            "count": 17
        },
        "Racecar.Policy.Beta.mean": {
            "value": 0.004999999422580004,
            "min": 0.004999999422580004,
            "max": 0.004999999422580004,
            "count": 17
        },
        "Racecar.Losses.CuriosityForwardLoss.mean": {
            "value": 0.005945099517703056,
            "min": 0.0031171066220849752,
            "max": 0.026902824640274048,
            "count": 17
        },
        "Racecar.Losses.CuriosityInverseLoss.mean": {
            "value": 0.7437926530838013,
            "min": 0.7437926530838013,
            "max": 2.1993515491485596,
            "count": 17
        },
        "Racecar.IsTraining.mean": {
            "value": 1.0,
            "min": 1.0,
            "max": 1.0,
            "count": 17
        }
    },
    "metadata": {
        "timer_format_version": "0.1.0",
        "start_time_seconds": "1609167530",
        "python_version": "3.7.9 (default, Aug 31 2020, 17:10:11) [MSC v.1916 64 bit (AMD64)]",
        "command_line_arguments": "C:\\Users\\Pieter\\anaconda3\\envs\\ml-agents\\Scripts\\mlagents-learn Racecar.yml --run-id race18",
        "mlagents_version": "0.19.0",
        "mlagents_envs_version": "0.19.0",
        "communication_protocol_version": "1.0.0",
        "tensorflow_version": "2.3.1",
        "numpy_version": "1.18.5",
        "end_time_seconds": "1609168826"
    },
    "total": 1295.7180234999998,
    "count": 1,
    "self": 0.005221799999844734,
    "children": {
        "run_training.setup": {
            "total": 0.008006499999999583,
            "count": 1,
            "self": 0.008006499999999583
        },
        "TrainerController.start_learning": {
            "total": 1295.7047952,
            "count": 1,
            "self": 5.169867599986446,
            "children": {
                "TrainerController._reset_env": {
                    "total": 11.240388600000001,
                    "count": 1,
                    "self": 11.240388600000001
                },
                "TrainerController.advance": {
                    "total": 1278.8581913000137,
                    "count": 175826,
                    "self": 2.6722966999730033,
                    "children": {
                        "env_step": {
                            "total": 1276.1858946000407,
                            "count": 175826,
                            "self": 1137.8708327000315,
                            "children": {
                                "SubprocessEnvManager._take_step": {
                                    "total": 135.74099429999785,
                                    "count": 175826,
                                    "self": 4.598877399990329,
                                    "children": {
                                        "TFPolicy.evaluate": {
                                            "total": 131.14211690000752,
                                            "count": 175826,
                                            "self": 131.14211690000752
                                        }
                                    }
                                },
                                "workers": {
                                    "total": 2.5740676000113574,
                                    "count": 175825,
                                    "self": 0.0,
                                    "children": {
                                        "worker_root": {
                                            "total": 1281.0553188000213,
                                            "count": 175825,
                                            "is_parallel": true,
                                            "self": 322.08994319999726,
                                            "children": {
                                                "steps_from_proto": {
                                                    "total": 0.0005097000000002794,
                                                    "count": 1,
                                                    "is_parallel": true,
                                                    "self": 0.000222900000000692,
                                                    "children": {
                                                        "_process_vector_observation": {
                                                            "total": 0.0002867999999995874,
                                                            "count": 4,
                                                            "is_parallel": true,
                                                            "self": 0.0002867999999995874
                                                        }
                                                    }
                                                },
                                                "UnityEnvironment.step": {
                                                    "total": 958.964865900024,
                                                    "count": 175825,
                                                    "is_parallel": true,
                                                    "self": 16.168732799963095,
                                                    "children": {
                                                        "UnityEnvironment._generate_step_input": {
                                                            "total": 9.762348700021768,
                                                            "count": 175825,
                                                            "is_parallel": true,
                                                            "self": 9.762348700021768
                                                        },